,ordine_data,revenue,transazioni,google_spent,google_impressions,google_clicks,fb_spent,fb_impressions,fb_clicks,bing_spent,bing_impressions,bing_clicks,bing_organico,google_organico,referral,email_sessioni,cambio_eur_dollaro,day_week,month,year
0,2020-01-07,1878.71,170,93.04,695,147,0.0,0,0,0.0,0,0,72,4841,329,143,1.12507,1,1,2020
1,2020-02-07,2057.76,167,81.2,689,129,0.0,0,0,0.0,0,0,70,4519,304,93,1.12371,4,2,2020
2,2020-03-07,1930.55,119,69.4,601,113,0.0,0,0,0.0,0,0,38,3833,260,72,1.1243,5,3,2020
3,2020-04-07,778.36,66,34.94,367,66,0.0,0,0,0.0,0,0,31,2566,161,56,1.1243,1,4,2020
4,2020-05-07,1753.69,146,90.33,597,94,0.0,0,0,0.0,0,0,28,2380,155,42,1.12465,3,5,2020
5,2020-06-07,3016.44,238,94.84,645,112,0.0,0,0,0.0,0,0,64,4884,344,93,1.1311,6,6,2020
6,2020-07-07,2365.55,181,90.51,595,115,0.0,0,0,0.0,0,0,72,4915,357,84,1.12748,1,7,2020
7,2020-08-07,2363.86,182,84.79,669,103,0.0,0,0,0.0,0,0,74,4757,326,80,1.13371,4,8,2020
8,2020-09-07,1803.16,185,85.06,519,90,0.0,0,0,0.0,0,0,62,4364,244,306,1.1287399999999999,0,9,2020
9,2020-10-07,1541.98,124,68.35,525,96,0.0,0,0,0.0,0,0,44,3871,256,102,1.1288799999999999,2,10,2020
10,2020-11-07,985.98,73,53.09,462,69,0.0,0,0,0.0,0,0,39,2506,148,44,1.1299,5,11,2020
11,2020-12-07,1370.96,115,77.36,371,79,0.0,0,0,0.0,0,0,32,2404,143,49,1.13093,0,12,2020
12,2020-07-13,2880.98,238,80.73,559,82,0.0,0,0,0.0,0,0,70,4924,332,73,1.1345299999999998,0,7,2020
13,2020-07-14,2802.35,230,81.57,568,99,0.0,0,0,0.0,0,0,85,4850,339,83,1.14101,1,7,2020
14,2020-07-15,10489.07,810,77.57,485,77,0.0,0,0,0.0,0,0,81,4785,514,1482,1.1416,2,7,2020
15,2020-07-16,10457.8,744,65.2,503,76,0.0,0,0,0.0,0,0,78,4804,536,515,1.13879,3,7,2020
16,2020-07-17,7033.99,416,52.17,454,69,0.0,0,0,0.0,0,0,62,4337,448,641,1.14246,4,7,2020
17,2020-07-18,4031.24,261,57.68,398,73,0.0,0,0,0.0,0,0,29,2665,260,187,1.14246,5,7,2020
18,2020-07-19,5577.11,476,91.09,489,89,0.0,0,0,0.0,0,0,27,2417,273,129,1.1441700000000001,6,7,2020
19,2020-07-20,10846.59,960,84.95,568,101,0.0,0,0,0.0,0,0,85,5307,543,997,1.1456600000000001,0,7,2020
20,2020-07-21,9959.99,835,77.8,778,109,0.0,0,0,0.0,0,0,78,5310,590,355,1.15336,1,7,2020
21,2020-07-22,8641.53,685,79.81,574,101,0.0,0,0,0.0,0,0,69,5010,614,307,1.15647,2,7,2020
22,2020-07-23,8183.78,625,71.4,554,101,0.0,0,0,0.0,0,0,73,4831,592,236,1.15954,3,7,2020
23,2020-07-24,5944.73,441,58.31,566,114,0.0,0,0,0.0,0,0,44,4437,528,206,1.16559,4,7,2020
24,2020-07-25,4610.64,232,49.6,520,68,0.0,0,0,0.0,0,0,30,2579,220,86,1.16559,5,7,2020
25,2020-07-26,5487.97,395,66.81,604,79,0.0,0,0,0.0,0,0,30,2424,221,79,1.165,6,7,2020
26,2020-07-27,11644.23,939,90.71,514,83,0.0,0,0,0.0,0,0,64,5287,583,232,1.17689,0,7,2020
27,2020-07-28,8885.58,780,79.67,735,122,0.0,0,0,0.0,0,0,64,5241,599,220,1.1717,1,7,2020
28,2020-07-29,9295.77,767,70.92,534,100,0.0,0,0,0.0,0,0,76,4954,632,211,1.17821,2,7,2020
29,2020-07-30,7747.64,654,60.09,512,87,0.0,0,0,0.0,0,0,62,4638,595,192,1.1872,3,7,2020
30,2020-07-31,5608.38,423,48.02,432,72,0.0,0,0,0.0,0,0,46,3838,497,145,1.17719,4,7,2020
31,2020-01-08,2988.2,261,35.34,350,67,0.0,0,0,0.0,0,0,15,2392,243,61,1.17719,2,1,2020
32,2020-02-08,5348.48,401,65.82,663,91,0.0,0,0,0.0,0,0,22,2342,207,62,1.17814,5,2,2020
33,2020-03-08,9807.08,886,117.57,1206,183,0.0,0,0,0.0,0,0,77,4938,529,144,1.1761,6,3,2020
34,2020-04-08,8879.67,835,143.51,1188,155,0.0,0,0,0.0,0,0,66,5028,516,155,1.18144,2,4,2020
35,2020-05-08,9147.71,767,111.51,1298,124,0.0,0,0,0.0,0,0,61,4890,506,173,1.18725,4,5,2020
36,2020-06-08,7519.13,641,111.91,1369,134,0.0,0,0,0.0,0,0,76,4538,499,136,1.18743,0,6,2020
37,2020-07-08,5808.55,450,69.66,1014,105,0.0,0,0,0.0,0,0,55,3848,479,114,1.17865,2,7,2020
38,2020-08-08,3686.26,232,61.79,800,91,0.0,0,0,0.0,0,0,17,2451,268,70,1.1786,5,8,2020
39,2020-09-08,4375.03,357,136.56,1374,152,0.0,0,0,0.0,0,0,23,2124,184,43,1.1782,1,9,2020
40,2020-10-08,8510.24,724,122.12,1256,151,0.0,0,0,0.0,0,0,52,4368,527,103,1.17374,3,10,2020
41,2020-11-08,6988.96,563,118.82,1202,115,0.0,0,0,0.0,0,0,45,4283,490,113,1.1735799999999998,6,11,2020
42,2020-12-08,5820.27,528,123.42,1086,127,0.0,0,0,0.0,0,0,48,3851,478,108,1.17937,1,12,2020
43,2020-08-13,4786.96,389,108.22,1262,138,0.0,0,0,0.0,0,0,39,3628,609,95,1.1816200000000001,3,8,2020
44,2020-08-14,3024.39,242,81.22,922,83,0.0,0,0,0.0,0,0,39,2877,524,96,1.18408,4,8,2020
45,2020-08-15,1572.99,107,37.08,450,40,0.0,0,0,0.0,0,0,14,1479,178,55,1.18408,5,8,2020
46,2020-08-16,3771.68,334,65.75,702,76,0.0,0,0,0.0,0,0,26,2037,274,57,1.1852,6,8,2020
47,2020-08-17,8281.35,659,65.38,1006,90,0.0,0,0,0.0,0,0,50,4163,708,83,1.18747,0,8,2020
48,2020-08-18,7160.5,609,42.33,526,46,0.0,0,0,0.0,0,0,64,4214,673,101,1.19475,1,8,2020
49,2020-08-19,6525.85,544,73.84,1282,125,0.0,0,0,0.0,0,0,53,4204,742,96,1.1842,2,8,2020
50,2020-08-20,5625.64,464,60.18,754,88,0.0,0,0,0.0,0,0,37,4213,696,81,1.18698,3,8,2020
51,2020-08-21,4037.93,337,31.81,490,58,0.0,0,0,0.0,0,0,45,3737,633,83,1.17888,4,8,2020
52,2020-08-22,2315.76,208,28.71,506,40,0.0,0,0,0.0,0,0,32,2540,323,31,1.17888,5,8,2020
53,2020-08-23,4565.93,369,33.13,611,47,0.0,0,0,0.0,0,0,24,2507,266,60,1.17973,6,8,2020
54,2020-08-24,9179.96,768,63.44,1053,139,0.0,0,0,0.0,0,0,59,5013,821,86,1.1794,0,8,2020
55,2020-08-25,9094.92,721,53.02,897,123,0.0,0,0,0.0,0,0,78,5244,884,104,1.18343,1,8,2020
56,2020-08-26,7568.91,688,51.44,712,112,0.0,0,0,0.0,0,0,76,4932,868,97,1.1838600000000001,2,8,2020
57,2020-08-27,7940.92,625,40.46,682,87,0.0,0,0,0.0,0,0,58,4811,794,76,1.1818,3,8,2020
58,2020-08-28,4711.44,441,75.09,1141,137,0.0,0,0,0.0,0,0,62,4403,744,61,1.1892399999999999,4,8,2020
59,2020-08-29,3211.93,286,30.12,527,60,0.0,0,0,0.0,0,0,36,3074,353,43,1.1892399999999999,5,8,2020
60,2020-08-30,5192.5,475,49.15,739,91,0.0,0,0,0.0,0,0,33,3045,334,40,1.1918,6,8,2020
61,2020-01-09,10326.51,915,69.38,1210,159,0.0,0,0,0.0,0,0,75,5878,1005,98,1.1937,3,1,2020
62,2020-02-09,10065.28,850,76.24,1471,146,0.0,0,0,0.0,0,0,90,5531,1028,118,1.19225,6,2,2020
63,2020-03-09,11419.54,838,75.83,1159,157,0.0,0,0,0.0,0,0,88,5449,969,111,1.18461,0,3,2020
64,2020-04-09,6264.26,533,79.96,980,126,0.0,0,0,0.0,0,0,65,4763,810,79,1.18394,3,4,2020
65,2020-05-09,4118.59,318,105.4,1084,141,0.0,0,0,0.0,0,0,24,3109,389,43,1.18337,5,5,2020
66,2020-06-09,6022.66,509,87.0,1141,127,0.0,0,0,0.0,0,0,33,2960,356,33,1.18337,1,6,2020
67,2020-07-09,12442.85,1082,155.29,1328,174,0.0,0,0,0.0,0,0,112,5946,991,95,1.18335,3,7,2020
68,2020-08-09,10872.56,948,175.56,1502,176,0.0,0,0,0.0,0,0,93,5986,1059,102,1.18191,6,8,2020
69,2020-09-09,9547.32,894,153.67,1352,149,0.0,0,0,0.0,0,0,99,6066,1138,92,1.1767,2,9,2020
70,2020-10-09,8606.35,827,144.6,1445,169,0.0,0,0,0.0,0,0,88,5745,1050,114,1.1803700000000001,4,10,2020
71,2020-11-09,7079.17,553,84.41,857,85,0.0,0,0,0.0,0,0,73,5053,880,104,1.1823700000000001,0,11,2020
72,2020-12-09,3276.7,279,55.86,1428,81,0.0,0,0,0.0,0,0,35,3141,356,47,1.18369,2,12,2020
73,2020-09-13,6853.6,570,73.77,4860,122,0.0,0,0,0.0,0,0,48,3141,340,49,1.18369,6,9,2020
74,2020-09-14,11880.91,1065,119.45,3370,171,0.0,0,0,0.0,0,0,88,5942,1082,126,1.18395,0,9,2020
75,2020-09-15,12677.61,1043,115.32,2170,197,0.0,0,0,0.0,0,0,90,6116,1206,126,1.18677,1,9,2020
76,2020-09-16,11191.22,947,192.56,2822,333,0.0,0,0,0.0,0,0,91,5874,1043,88,1.1843700000000001,2,9,2020
77,2020-09-17,9132.14,786,178.1,12813,277,0.0,0,0,0.0,0,0,79,5740,999,102,1.18031,3,9,2020
78,2020-09-18,4771.97,480,164.35,16167,297,0.0,0,0,0.0,0,0,71,4862,854,78,1.1848,4,9,2020
79,2020-09-19,3926.7,333,94.79,5899,206,0.0,0,0,0.0,0,0,24,3100,483,36,1.18381,5,9,2020
80,2020-09-20,7111.82,586,159.65,8148,214,0.0,0,0,0.0,0,0,26,2973,350,46,1.18381,6,9,2020
81,2020-09-21,12735.91,1059,202.5,11833,321,0.0,0,0,0.0,0,0,91,6183,982,67,1.18448,0,9,2020
82,2020-09-22,11654.3,1022,149.99,14147,310,0.0,0,0,0.0,0,0,58,6082,1112,80,1.1764,1,9,2020
83,2020-09-23,10851.92,952,163.24,10773,328,0.0,0,0,0.0,0,0,96,6128,1049,100,1.17078,2,9,2020
84,2020-09-24,8993.2,785,143.64,19310,322,0.0,0,0,0.0,0,0,85,5806,999,98,1.16575,3,9,2020
85,2020-09-25,6215.4,498,128.96,11045,261,0.0,0,0,0.0,0,0,82,5056,913,79,1.1672799999999999,4,9,2020
86,2020-09-26,3957.07,289,119.81,9490,224,0.0,0,0,0.0,0,0,37,3117,402,32,1.16272,5,9,2020
87,2020-09-27,7067.48,517,173.26,12186,294,0.0,0,0,0.0,0,0,22,3299,417,41,1.16272,6,9,2020
88,2020-09-28,12271.88,964,231.14,19168,400,0.0,0,0,0.0,0,0,85,6307,1097,95,1.16345,0,9,2020
89,2020-09-29,11847.3,866,163.09,23176,372,0.0,0,0,0.0,0,0,102,5990,1088,75,1.16784,1,9,2020
90,2020-09-30,9672.76,769,79.95,21781,231,0.0,0,0,0.0,0,0,79,5704,1047,63,1.17405,2,9,2020
91,2020-01-10,8872.55,684,96.84,15734,242,0.0,0,0,0.0,0,0,80,5264,997,88,1.1723700000000001,4,1,2020
92,2020-02-10,7063.05,453,61.47,6440,147,0.0,0,0,0.0,0,0,84,4698,808,83,1.17442,0,2,2020
93,2020-03-10,3964.66,264,53.49,3507,126,0.0,0,0,0.0,0,0,37,2960,363,47,1.17154,1,3,2020
94,2020-04-10,7146.57,547,85.59,3052,173,0.0,0,0,0.0,0,0,46,3165,323,38,1.17154,4,4,2020
95,2020-05-10,11264.39,940,105.34,4876,240,0.0,0,0,0.0,0,0,76,5882,1045,107,1.1719600000000001,6,5,2020
96,2020-06-10,10184.43,869,78.71,5101,181,0.0,0,0,0.0,0,0,72,5883,1119,120,1.179,2,6,2020
97,2020-07-10,9735.78,810,70.63,6956,240,0.0,0,0,0.0,0,0,64,5816,1134,108,1.17367,4,7,2020
98,2020-08-10,9085.08,677,84.54,5800,234,0.0,0,0,0.0,0,0,97,5520,1052,85,1.1764,0,8,2020
99,2020-09-10,6377.34,487,76.76,9653,203,0.0,0,0,0.0,0,0,79,4784,808,61,1.1765,3,9,2020
100,2020-10-10,3837.35,298,64.55,4008,133,0.0,0,0,0.0,0,0,37,2983,364,26,1.18252,5,10,2020
101,2020-11-10,6681.52,501,84.24,6116,176,0.0,0,0,0.0,0,0,27,3442,353,32,1.18252,1,11,2020
102,2020-12-10,11990.92,967,98.24,17490,277,0.0,0,0,0.0,0,0,94,6193,1025,74,1.1814,3,12,2020
103,2020-10-13,11088.09,883,99.98,12804,274,0.0,0,0,0.0,0,0,80,6146,1131,99,1.1813200000000001,1,10,2020
104,2020-10-14,10212.05,829,89.93,9733,279,0.0,0,0,0.0,0,0,77,6013,1138,81,1.17419,2,10,2020
105,2020-10-15,10377.92,740,93.21,11885,266,0.0,0,0,0.0,0,0,96,5776,1052,76,1.17438,3,10,2020
106,2020-10-16,5581.22,440,48.78,8739,203,0.0,0,0,0.0,0,0,66,4953,962,76,1.17062,4,10,2020
107,2020-10-17,3897.77,260,44.8,4962,145,0.0,0,0,0.0,0,0,34,3286,418,25,1.17093,5,10,2020
108,2020-10-18,6834.29,480,48.03,4074,140,0.0,0,0,0.0,0,0,32,3308,349,35,1.17093,6,10,2020
109,2020-10-19,12824.65,996,121.66,25475,391,0.0,0,0,0.0,0,0,108,6501,1118,81,1.1714799999999999,0,10,2020
110,2020-10-20,11168.82,872,103.05,19878,343,0.0,0,0,0.0,0,0,85,6095,1162,93,1.17679,1,10,2020
111,2020-10-21,10434.2,818,108.15,7796,251,0.0,0,0,0.0,0,0,99,5991,1165,111,1.1829,2,10,2020
112,2020-10-22,9957.83,829,107.06,11421,300,0.0,0,0,0.0,0,0,97,5902,1184,74,1.18519,3,10,2020
113,2020-10-23,9749.85,567,49.32,3658,160,0.0,0,0,0.0,0,0,84,5363,1007,840,1.18145,4,10,2020
114,2020-10-24,4918.98,304,45.96,1716,121,0.0,0,0,0.0,0,0,43,3578,507,172,1.1854200000000001,5,10,2020
115,2020-10-25,7336.0,565,40.97,2755,144,0.0,0,0,0.0,0,0,44,3480,429,160,1.1854200000000001,6,10,2020
116,2020-10-26,14362.18,1054,92.72,6867,279,0.0,0,0,0.0,0,0,110,6751,1180,343,1.18479,0,10,2020
117,2020-10-27,11618.53,946,73.3,6699,269,0.0,0,0,0.0,0,0,95,6655,1293,332,1.1809,1,10,2020
118,2020-10-28,11434.27,893,86.02,4182,240,0.0,0,0,0.0,0,0,88,6582,1362,311,1.178,2,10,2020
119,2020-10-29,10223.31,827,84.4,6271,255,0.0,0,0,0.0,0,0,84,6306,1237,286,1.1748100000000001,3,10,2020
120,2020-10-30,7000.42,520,69.81,2797,203,0.0,0,0,0.0,0,0,72,5555,1088,232,1.1677799999999998,4,10,2020
121,2020-10-31,3675.85,294,39.48,1326,130,0.0,0,0,0.0,0,0,31,3507,512,101,1.1675,5,10,2020
122,2020-01-11,7901.92,591,61.84,4529,172,0.0,0,0,0.0,0,0,39,3676,507,100,1.16765,5,1,2020
123,2020-02-11,14870.65,1135,108.24,8929,277,0.0,0,0,0.0,0,0,96,7048,1295,238,1.16414,1,2,2020
124,2020-03-11,12300.85,1041,86.29,5521,283,0.0,0,0,0.0,0,0,98,7200,1336,268,1.1641,2,3,2020
125,2020-04-11,10180.9,852,110.83,3855,292,0.0,0,0,0.0,0,0,99,7141,1364,207,1.1761700000000002,5,4,2020
126,2020-05-11,12829.57,824,92.42,3546,247,0.0,0,0,0.0,0,0,90,6996,1359,572,1.1732,0,5,2020
127,2020-06-11,8460.75,544,76.36,2216,220,0.0,0,0,0.0,0,0,83,6217,1170,219,1.18169,3,6,2020
128,2020-07-11,4643.2,348,35.28,1652,136,0.0,0,0,0.0,0,0,46,4168,632,108,1.1872,5,7,2020
129,2020-08-11,9240.43,655,66.68,1603,191,0.0,0,0,0.0,0,0,47,4536,515,124,1.1872,1,8,2020
130,2020-09-11,11007.38,871,114.72,4340,341,66.05,26558,676,0.0,0,0,132,8008,1471,426,1.1892200000000002,4,9,2020
131,2020-10-11,12151.04,935,97.57,5350,349,106.68,60332,1473,0.0,0,0,127,7938,1576,273,1.18241,6,10,2020
132,2020-11-11,11062.4,935,228.52,7616,491,102.79,45829,1129,0.0,0,0,121,7943,1523,231,1.18183,2,11,2020
133,2020-12-11,11995.24,948,274.2,371280,1160,127.12,74618,1147,0.0,0,0,103,7610,1504,259,1.1779,4,12,2020
134,2020-11-13,8139.49,654,282.89,328764,1021,186.85,109634,824,0.0,0,0,104,7129,1337,174,1.1804,4,11,2020
135,2020-11-14,4754.07,382,238.76,293160,916,218.73,119343,880,0.0,0,0,66,4758,723,110,1.18275,5,11,2020
136,2020-11-15,9034.2,710,259.5,300691,1043,215.7,138247,1043,0.0,0,0,75,5112,673,110,1.18275,6,11,2020
137,2020-11-16,16381.56,1272,310.89,292076,1058,210.01,134478,914,0.0,0,0,135,8759,1696,258,1.18446,0,11,2020
138,2020-11-17,14396.96,1223,265.9,364659,1071,212.38,136716,939,0.0,0,0,152,8780,1666,284,1.1858899999999999,1,11,2020
139,2020-11-18,14348.52,1133,239.63,294574,1131,216.07,155634,895,0.0,0,0,124,8563,1804,1243,1.1862,2,11,2020
140,2020-11-19,12426.45,949,208.96,344374,1075,202.99,135823,806,0.0,0,0,146,8132,1642,389,1.18472,3,11,2020
141,2020-11-20,10914.51,690,269.17,338717,1057,224.85,135791,908,0.0,0,0,108,7461,1499,307,1.18662,4,11,2020
142,2020-11-21,6051.89,492,259.43,252315,948,223.28,121551,849,0.0,0,0,60,5227,775,145,1.18526,5,11,2020
143,2020-11-22,9146.3,800,410.3,312260,1327,216.13,137790,898,0.0,0,0,68,5078,722,119,1.1856200000000001,6,11,2020
144,2020-11-23,17098.56,1342,337.76,281476,1172,189.89,193404,599,0.0,0,0,165,9150,1743,859,1.18656,0,11,2020
145,2020-11-24,15286.43,1196,325.86,225671,1271,191.71,295808,528,0.0,0,0,159,9152,1962,381,1.1843,1,11,2020
146,2020-11-25,12281.33,1039,313.36,198357,1129,185.62,302188,491,0.0,0,0,148,8736,2121,356,1.18976,2,11,2020
147,2020-11-26,12458.98,923,243.83,167093,934,182.73,275081,452,0.0,0,0,139,8366,2050,322,1.1916200000000001,3,11,2020
148,2020-11-27,9748.81,669,307.48,134328,959,184.81,254258,382,0.0,0,0,144,7996,1787,276,1.1911200000000002,4,11,2020
149,2020-11-28,6997.51,495,343.56,146885,1006,188.06,257185,394,0.0,0,0,76,5614,995,146,1.1962,5,11,2020
150,2020-11-29,10876.78,785,321.36,179499,1042,189.03,261839,458,0.0,0,0,59,5579,880,138,1.1962,6,11,2020
151,2020-11-30,16580.34,1214,280.58,89024,935,187.15,285784,424,0.0,0,0,126,9978,2107,332,1.19706,0,11,2020
152,2020-01-12,15242.34,1172,374.67,148409,1104,189.11,320421,511,0.0,0,0,148,9890,2406,272,1.19373,6,1,2020
153,2020-02-12,13750.37,1100,367.46,213407,1181,188.58,330267,596,0.0,0,0,155,9969,2408,325,1.2071100000000001,2,2,2020
154,2020-03-12,12722.86,928,323.36,170444,1107,188.14,323818,526,0.0,0,0,147,9938,2419,251,1.21143,3,3,2020
155,2020-04-12,8428.44,657,275.04,177407,947,187.28,319686,545,0.0,0,0,133,8949,2349,267,1.21454,6,4,2020
156,2020-05-12,7030.41,454,202.27,171424,842,187.83,295111,572,0.0,0,0,76,6258,1286,135,1.212,1,5,2020
157,2020-06-12,11370.74,835,308.17,215410,1188,188.83,305997,656,0.0,0,0,81,6276,1003,119,1.212,4,6,2020
158,2020-07-12,13686.8,934,434.06,194201,1273,186.62,302154,541,0.0,0,0,164,9781,2269,258,1.2120600000000001,6,7,2020
159,2020-08-12,13336.71,958,364.34,202995,1219,188.56,325815,612,0.0,0,0,105,7737,1583,165,1.21126,2,8,2020
160,2020-09-12,20123.1,1402,370.56,205497,1342,188.32,337836,639,0.0,0,0,183,11475,2614,326,1.21084,5,9,2020
161,2020-10-12,15777.54,1089,353.19,162983,1401,54.11,21782,39,0.0,0,0,196,10864,2733,303,1.20774,0,10,2020
162,2020-11-12,11743.13,814,345.69,156501,1426,107.44,42540,560,0.0,0,0,165,9726,2664,248,1.2143,3,11,2020
163,2020-12-12,9880.15,599,208.86,175687,1228,125.2,41078,619,0.0,0,0,98,6953,1688,124,1.2113,5,12,2020
164,2020-12-13,15999.43,918,140.65,26849,706,114.56,39911,427,0.0,0,0,103,6214,1328,103,1.2113,6,12,2020
165,2020-12-14,16000.37,1027,424.28,194454,2241,88.76,32848,398,0.0,0,0,243,12589,3241,251,1.21327,0,12,2020
166,2020-12-15,13480.87,816,422.57,361923,2302,59.3,14666,127,0.0,0,0,229,12147,2923,258,1.2148,1,12,2020
167,2020-12-16,19722.02,1189,337.03,202171,1463,74.97,17551,79,0.0,0,0,231,12530,3515,276,1.21537,2,12,2020
168,2020-12-17,13585.78,751,336.82,224392,1367,85.4,25400,135,0.0,0,0,188,12367,3537,241,1.21961,3,12,2020
169,2020-12-18,9018.82,563,205.03,127419,930,87.74,20320,66,0.0,0,0,193,10388,3122,201,1.2261799999999998,4,12,2020
170,2020-12-19,7179.0,430,163.02,121381,782,93.24,22905,87,0.0,0,0,80,6813,1591,95,1.22547,5,12,2020
171,2020-12-20,10360.26,719,248.79,173736,1261,81.28,22003,73,0.0,0,0,78,6352,1388,90,1.22547,6,12,2020
172,2020-12-21,27815.43,1124,385.87,166417,1488,78.69,19591,63,0.0,0,0,177,10813,3580,1661,1.22155,0,12,2020
173,2020-12-22,13697.02,742,410.32,223612,1216,77.68,19150,57,0.0,0,0,145,9329,3150,659,1.22346,1,12,2020
174,2020-12-23,6539.35,389,318.64,196585,911,77.69,19787,53,0.0,0,0,89,7094,2606,437,1.2186,2,12,2020
175,2020-12-24,4027.13,153,293.3,169510,698,79.68,23611,54,0.0,0,0,46,4147,1538,302,1.21908,3,12,2020
176,2020-12-25,1345.77,95,229.85,261499,1119,83.23,31693,71,0.0,0,0,17,2393,490,98,1.2181,4,12,2020
177,2020-12-26,3244.46,192,450.41,313438,1363,87.98,30762,87,0.0,0,0,37,3416,644,133,1.2151,5,12,2020
178,2020-12-27,6479.29,491,487.81,384044,1753,82.59,31117,100,0.0,0,0,50,4443,910,189,1.2151,6,12,2020
179,2020-12-28,21459.86,1099,429.38,277318,1184,82.18,28698,82,0.0,0,0,104,7854,2443,1716,1.22042,0,12,2020
180,2020-12-29,14625.93,893,353.63,283752,1246,76.97,23316,56,0.0,0,0,92,7673,2285,860,1.222,1,12,2020
181,2020-12-30,11539.21,673,312.12,292827,1093,78.11,23767,71,0.0,0,0,89,6370,1992,648,1.2252399999999999,2,12,2020
182,2020-12-31,7579.93,284,191.97,232205,786,79.86,29583,88,0.0,0,0,38,3825,1099,386,1.22996,3,12,2020
183,2021-01-01,1570.62,135,207.14,345721,1036,87.74,47791,150,0.0,0,0,28,2772,577,145,1.1984,4,1,2021
184,2021-02-01,3999.7,331,348.15,570694,2105,94.77,40396,119,0.0,0,0,52,4715,1023,224,1.20108,0,2,2021
185,2021-03-01,6611.15,545,483.21,386756,1731,98.61,50165,220,0.0,0,0,59,4571,845,184,1.20108,0,3,2021
186,2021-04-01,10910.37,899,477.65,392321,1462,85.23,34760,122,0.0,0,0,126,7783,2152,507,1.22498,3,4,2021
187,2021-05-01,5884.69,547,426.48,365292,1275,79.42,28935,87,0.0,0,0,104,7373,1968,383,1.22506,5,5,2021
188,2021-06-01,5466.0,500,469.73,348162,1720,81.12,36027,111,0.0,0,0,47,5014,1051,190,1.22997,1,6,2021
189,2021-07-01,10801.13,873,464.38,327614,1299,83.8,27948,79,0.0,0,0,120,7418,2055,351,1.2338799999999999,3,7,2021
190,2021-08-01,6131.68,552,303.65,185489,769,79.3,23996,53,0.0,0,0,96,6970,1773,322,1.2269,6,8,2021
191,2021-09-01,5810.96,419,236.61,106915,780,87.4,31473,78,0.0,0,0,64,5041,1011,150,1.2217200000000001,2,9,2021
192,2021-10-01,8567.47,680,303.19,213461,828,82.21,30510,70,0.0,0,0,69,4833,743,144,1.2221,4,10,2021
193,2021-11-01,12182.16,1036,434.09,277640,1220,81.35,24908,58,0.0,0,0,104,8342,2041,353,1.21852,0,11,2021
194,2021-12-01,10807.23,931,331.35,151626,1141,80.94,24968,57,0.0,0,0,103,8097,2024,335,1.21604,2,12,2021
195,2021-01-13,9715.2,767,413.3,227131,1020,32.13,9738,26,0.0,0,0,122,7651,1963,305,1.2208299999999999,2,1,2021
196,2021-01-14,8394.47,699,361.67,290194,1120,1.15,699,3,0.0,0,0,133,7622,1820,299,1.21615,3,1,2021
197,2021-01-15,6102.56,440,346.43,322109,1063,0.84,450,5,0.0,0,0,106,6640,1602,245,1.215,4,1,2021
198,2021-01-16,3675.21,293,305.51,293930,928,0.95,554,7,0.0,0,0,69,4485,783,86,1.2075,5,1,2021
199,2021-01-17,8370.53,611,334.17,268639,1097,5.53,4070,44,0.0,0,0,58,4764,708,94,1.2075,6,1,2021
200,2021-01-18,12424.05,926,436.37,377901,1234,3.97,2561,29,0.0,0,0,137,7859,1813,242,1.2067299999999999,0,1,2021
201,2021-01-19,10614.22,867,354.16,261153,1256,3.23,1873,18,0.0,0,0,131,7641,1858,249,1.20775,1,1,2021
202,2021-01-20,10591.22,839,396.66,282125,1267,2.52,1502,15,0.0,0,0,143,7606,2026,250,1.21381,2,1,2021
203,2021-01-21,7773.48,639,386.96,285266,1492,1.99,1178,14,0.0,0,0,86,7386,2125,231,1.21151,3,1,2021
204,2021-01-22,6896.5,490,308.77,223232,1045,2.79,1389,21,0.0,0,0,118,6928,1864,261,1.2164,4,1,2021
205,2021-01-23,3638.73,292,291.99,164775,974,2.54,1352,12,0.0,0,0,49,4452,890,86,1.2113399999999999,5,1,2021
206,2021-01-24,7210.31,546,303.2,162623,1018,1.72,1077,6,0.0,0,0,42,4446,703,76,1.2113399999999999,6,1,2021
207,2021-01-25,12841.71,967,416.54,174717,1283,1.14,657,6,0.0,0,0,142,7703,2135,204,1.21686,0,1,2021
208,2021-01-26,11035.27,806,406.51,195455,1187,0.59,392,3,0.0,0,0,121,7429,2092,179,1.2144,1,1,2021
209,2021-01-27,9257.14,761,347.98,158503,1153,0.5,234,1,0.0,0,0,113,7284,2043,156,1.21622,2,1,2021
210,2021-01-28,8310.58,625,360.59,198300,1075,0.35,171,5,0.0,0,0,95,6773,1844,148,1.21032,3,1,2021
211,2021-01-29,5242.23,443,293.82,219346,1083,0.23,122,2,0.0,0,0,96,6158,1654,133,1.21196,4,1,2021
212,2021-01-30,3078.7,257,375.58,188370,1112,0.02,8,0,0.0,0,0,55,4152,738,53,1.2137,5,1,2021
213,2021-01-31,7000.02,558,316.8,86689,905,0.0,4,0,0.0,0,0,40,4163,670,64,1.2136,6,1,2021
214,2021-01-02,10958.5,851,284.47,65138,540,0.01,9,0,0.0,0,0,121,7211,1711,155,1.2123,5,1,2021
215,2021-02-02,9515.14,746,199.97,88278,1826,0.0,6,0,0.0,0,0,86,7090,1843,138,1.2069,1,2,2021
216,2021-03-02,8375.77,677,175.79,132764,1990,0.02,6,0,0.0,0,0,96,6488,1768,125,1.20383,1,3,2021
217,2021-04-02,7375.2,582,159.16,121630,1879,0.01,10,0,0.0,0,0,85,6406,1679,141,1.2037,4,4,2021
218,2021-05-02,5032.41,405,146.61,138498,2275,0.02,4,0,0.0,0,0,67,5622,1381,120,1.19664,6,5,2021
219,2021-06-02,3348.6,216,113.91,123453,2352,0.01,8,0,0.0,0,0,28,3610,630,64,1.20401,2,6,2021
220,2021-07-02,5246.46,392,170.34,141685,2250,0.03,8,0,0.0,0,0,38,3922,556,51,1.20401,4,7,2021
221,2021-08-02,10680.19,821,279.5,156765,3310,0.0,7,0,0.0,0,0,81,6613,1633,148,1.20481,0,8,2021
222,2021-09-02,10257.97,767,227.13,151862,3153,0.01,8,0,0.0,0,0,101,6636,1607,141,1.20519,3,9,2021
223,2021-10-02,9782.81,700,191.1,142943,2668,0.0,10,0,0.0,0,0,83,6434,1523,155,1.2116,5,10,2021
224,2021-11-02,7749.87,596,152.67,86924,1202,0.0,2,0,0.0,0,0,77,5784,1605,124,1.2118200000000001,1,11,2021
225,2021-12-02,4958.66,393,175.97,165452,2527,0.0,3,0,0.0,0,0,82,5143,1336,108,1.21302,3,12,2021
226,2021-02-13,2650.18,207,192.49,164039,2957,0.0,2,0,0.0,0,0,35,3288,613,58,1.2118200000000001,5,2,2021
227,2021-02-14,5317.0,331,185.82,208856,2887,0.0,1,0,0.0,0,0,33,3149,486,58,1.2119,6,2,2021
228,2021-02-15,8920.22,784,199.45,177917,2883,0.0,4,0,0.0,0,0,124,5955,1466,105,1.21211,0,2,2021
229,2021-02-16,8313.24,679,190.29,188387,2236,0.0,3,0,0.0,0,0,86,5833,1538,123,1.2132100000000001,1,2,2021
230,2021-02-17,8269.02,638,177.59,137514,1975,0.0,5,0,0.0,0,0,108,5848,1459,120,1.20919,2,2,2021
231,2021-02-18,6995.35,506,140.18,39632,555,0.0,2,0,0.0,0,0,91,5502,1462,112,1.2045,3,2,2021
232,2021-02-19,5035.38,365,179.01,168678,1747,0.0,0,0,0.0,0,0,94,5050,1141,94,1.20913,4,2,2021
233,2021-02-20,3640.27,205,156.73,177895,2091,0.0,0,0,0.0,0,0,33,3254,541,34,1.2109,5,2,2021
234,2021-02-21,5051.32,398,189.25,148920,2276,0.0,0,0,0.0,0,0,32,3311,539,39,1.2119,6,2,2021
235,2021-02-22,9413.98,728,245.56,138583,2221,0.0,0,0,0.0,0,0,89,6210,1401,114,1.2125700000000001,0,2,2021
236,2021-02-23,9809.25,694,200.27,158553,1922,0.0,0,0,0.0,0,0,97,5839,1436,108,1.2166,1,2,2021
237,2021-02-24,7694.96,602,197.57,155010,1590,0.0,0,0,0.0,0,0,117,5706,1306,82,1.2152,2,2,2021
238,2021-02-25,7561.84,526,206.21,114718,1824,0.0,0,0,0.0,0,0,87,5371,1346,84,1.21707,3,2,2021
239,2021-02-26,4864.11,337,136.18,149778,2002,0.0,0,0,0.0,0,0,76,4717,1085,67,1.2159799999999998,4,2,2021
240,2021-02-27,2436.23,187,135.27,106323,1259,0.0,0,0,0.0,0,0,41,3203,611,22,1.20695,5,2,2021
241,2021-02-28,5270.82,393,110.25,41638,519,0.0,0,0,0.0,0,0,41,3272,551,39,1.20695,6,2,2021
242,2021-01-03,10124.88,794,206.07,104268,846,0.0,0,0,0.0,0,0,102,5897,1397,103,1.20885,6,1,2021
243,2021-02-03,8839.89,677,203.4,41862,712,0.0,0,0,0.0,0,0,92,6000,1433,88,1.20478,2,2,2021
244,2021-03-03,8021.19,587,188.88,103911,751,0.0,0,0,0.0,0,0,101,5717,1403,80,1.20846,2,3,2021
245,2021-04-03,7834.87,566,182.69,123027,793,0.0,0,0,0.0,0,0,80,5601,1331,68,1.2049,5,4,2021
246,2021-05-03,5165.24,383,155.42,124627,704,0.0,0,0,0.0,0,0,76,5226,1235,80,1.19671,0,5,2021
247,2021-06-03,3279.65,247,107.47,56770,487,0.0,0,0,0.0,0,0,47,3620,576,28,1.19088,3,6,2021
248,2021-07-03,6084.18,418,154.95,134538,656,0.0,0,0,0.0,0,0,49,3510,499,43,1.19088,5,7,2021
249,2021-08-03,9544.51,739,249.51,64109,830,0.0,0,0,0.0,0,0,123,6296,1480,102,1.1925,1,8,2021
250,2021-09-03,175.26,9,217.44,112916,891,0.0,0,0,0.0,0,0,94,6627,1625,85,1.18511,4,9,2021
251,2021-12-03,32.8,4,0.0,0,0,0.0,0,0,0.0,0,0,46,4067,1438,591,1.18973,4,12,2021
252,2021-03-15,5395.53,476,91.3,4437,418,0.0,0,0,0.0,0,0,76,5507,2502,617,1.19245,0,3,2021
253,2021-03-16,9390.58,747,290.04,142896,894,0.0,0,0,0.0,0,0,80,6453,1524,413,1.1981,1,3,2021
254,2021-03-17,8271.69,664,176.0,49381,601,0.0,0,0,0.0,0,0,101,6428,1412,307,1.19523,2,3,2021
255,2021-03-18,7141.71,541,196.65,121207,747,0.0,0,0,0.0,0,0,112,6316,1390,290,1.19523,3,3,2021
256,2021-03-19,4189.48,311,149.43,91062,612,0.0,0,0,0.0,0,0,84,5409,1257,204,1.1949,4,3,2021
257,2021-03-20,3349.58,252,126.06,97171,601,0.0,0,0,0.0,0,0,37,4035,781,107,1.19244,5,3,2021
258,2021-03-21,5614.71,415,162.44,75711,673,0.0,0,0,0.0,0,0,49,4158,714,121,1.19011,6,3,2021
259,2021-03-22,10497.97,740,260.41,151620,1054,0.0,0,0,0.0,0,0,96,6676,1658,268,1.19822,0,3,2021
260,2021-03-23,8304.91,621,216.25,92185,827,0.0,0,0,0.0,0,0,103,6478,1607,229,1.19177,1,3,2021
261,2021-03-24,7319.71,551,209.97,102517,732,0.0,0,0,0.0,0,0,96,6467,1655,252,1.1946,2,3,2021
262,2021-03-25,7411.32,502,202.22,127536,827,0.0,0,0,0.0,0,0,108,6244,1747,202,1.1946,3,3,2021
263,2021-03-26,4993.64,346,154.26,98894,660,0.0,0,0,0.0,0,0,89,5671,1542,206,1.18825,4,3,2021
264,2021-03-27,3637.75,227,137.63,99937,624,0.0,0,0,0.0,0,0,35,3821,857,85,1.19331,5,3,2021
265,2021-03-28,6448.24,392,140.72,79285,550,0.0,0,0,0.0,0,0,37,3421,774,70,1.1839600000000001,6,3,2021
266,2021-03-29,10272.9,727,201.9,115448,789,0.0,0,0,0.0,0,0,109,7048,1853,211,1.18125,0,3,2021
267,2021-03-30,8996.32,632,161.12,79055,730,0.0,0,0,0.0,0,0,94,6769,2008,175,1.1776,1,3,2021
268,2021-03-31,7661.99,505,171.35,131158,743,0.0,0,0,0.0,0,0,90,6110,1906,201,1.1822,2,3,2021
269,2021-01-04,5229.36,413,158.79,123544,754,0.0,0,0,0.0,0,0,89,5213,1655,144,1.1822,0,1,2021
270,2021-02-04,3601.65,258,134.79,125213,638,0.0,0,0,0.0,0,0,68,4316,1433,140,1.17872,3,2,2021
271,2021-03-04,1308.64,109,159.78,101738,615,0.0,0,0,0.0,0,0,23,2600,725,60,1.17685,3,3,2021
272,2021-04-04,950.99,77,221.2,119289,741,0.0,0,0,0.0,0,0,26,1975,506,24,1.17229,6,4,2021
273,2021-05-04,4825.42,298,236.57,115106,751,0.0,0,0,0.0,0,0,43,2788,673,77,1.1726299999999998,1,5,2021
274,2021-06-04,8799.39,673,240.42,118292,824,0.0,0,0,0.0,0,0,99,5857,1728,169,1.1777,4,6,2021
275,2021-07-04,7573.86,571,239.05,135256,886,4.63,354,0,0.0,0,0,93,6011,1819,146,1.1761,6,7,2021
276,2021-08-04,6539.41,411,228.32,97199,769,13.1,2887,0,0.0,0,0,99,5593,1612,161,1.1761,2,8,2021
277,2021-09-04,4263.83,232,153.32,99952,570,48.38,25235,183,0.0,0,0,81,5158,1405,153,1.1768,5,9,2021
278,2021-10-04,2521.85,159,125.89,104689,555,49.32,23741,192,0.0,0,0,40,3536,824,46,1.18169,0,10,2021
279,2021-11-04,4306.55,242,144.93,86486,548,43.07,22985,164,0.0,0,0,36,3560,857,38,1.18736,3,11,2021
280,2021-12-04,8534.21,637,217.29,128961,773,43.4,21171,161,0.0,0,0,98,6548,1787,153,1.1871,5,12,2021
281,2021-04-13,7805.45,602,188.76,146116,697,41.31,21006,138,0.0,0,0,84,6276,1832,143,1.1915200000000001,1,4,2021
282,2021-04-14,6675.57,485,258.05,189395,770,37.45,21139,210,0.0,0,0,75,5746,1714,157,1.18963,2,4,2021
283,2021-04-15,20908.25,631,310.07,247010,977,46.91,25605,231,0.0,0,0,105,5608,1747,938,1.19,3,4,2021
284,2021-04-16,5911.01,358,545.56,263400,1359,46.64,28623,215,0.0,0,0,85,4826,1341,330,1.1898600000000001,4,4,2021
285,2021-04-17,4523.19,211,635.73,400327,1775,45.31,29905,182,0.0,0,0,35,3102,733,134,1.19117,5,4,2021
286,2021-04-18,5798.83,308,828.02,403042,2116,44.14,31471,208,0.0,0,0,42,3323,663,118,1.1953799999999999,6,4,2021
287,2021-04-19,9356.96,625,722.39,418064,1953,42.45,27144,191,0.0,0,0,116,5962,1567,305,1.19833,0,4,2021
288,2021-04-20,9777.11,563,676.6,368273,1900,44.46,27225,186,0.0,0,0,79,5746,1537,290,1.19695,1,4,2021
289,2021-04-21,8409.55,514,682.26,384847,1885,42.33,27790,181,0.0,0,0,93,5582,1592,292,1.1982,2,4,2021
290,2021-04-22,17250.29,581,663.73,405525,1784,44.35,27345,156,0.0,0,0,87,5387,1628,1013,1.1982,3,4,2021
291,2021-04-23,3720.04,278,573.97,347955,1646,42.55,23641,165,0.0,0,0,74,4526,1374,347,1.1968,4,4,2021
292,2021-04-24,2553.41,167,378.96,185185,996,43.51,20006,145,0.0,0,0,26,2731,604,147,1.204,5,4,2021
293,2021-04-25,3967.11,271,536.83,487820,1914,44.07,23314,162,0.0,0,0,34,2626,614,84,1.2032399999999999,6,4,2021
294,2021-04-26,7278.68,535,950.21,358824,2414,44.7,23413,168,0.0,0,0,91,5250,1498,300,1.20373,0,4,2021
295,2021-04-27,7211.06,591,786.79,400550,2467,43.62,28227,187,0.0,0,0,86,5278,1582,313,1.2014200000000002,1,4,2021
296,2021-04-28,5993.81,430,746.53,286747,2148,42.55,26017,172,0.0,0,0,103,5028,1452,233,1.20973,2,4,2021
297,2021-04-29,5699.19,426,669.19,192553,1776,42.66,23979,172,0.0,0,0,76,4849,1404,202,1.2097,3,4,2021
298,2021-04-30,4787.37,272,518.72,336792,1745,43.6,20076,137,0.0,0,0,64,3791,1036,171,1.2089,4,4,2021
299,2021-01-05,1710.83,114,432.78,486773,1805,43.39,21808,154,0.0,0,0,30,2311,548,42,1.20795,1,1,2021
300,2021-02-05,3683.87,257,469.58,273168,1350,43.83,25181,192,0.0,0,0,25,2409,544,61,1.2088,4,2,2021
301,2021-03-05,8531.04,574,1115.67,453944,2755,43.86,25032,155,0.0,0,0,75,4638,1428,182,1.21339,4,3,2021
302,2021-04-05,7677.34,552,909.98,313058,2209,43.54,24948,141,0.0,0,0,95,4874,1407,1546,1.2125,0,4,2021
303,2021-05-05,6387.9,449,849.1,370963,2225,43.51,23182,154,0.0,0,0,78,4560,1454,396,1.20167,2,5,2021
304,2021-06-05,5311.42,406,760.9,322453,1875,42.51,20539,116,0.0,0,0,61,4277,1340,388,1.202,5,6,2021
305,2021-07-05,3434.05,233,557.28,318215,1564,43.05,20980,132,0.0,0,0,59,3857,1092,232,1.2025,0,7,2021
306,2021-08-05,2227.26,175,417.19,248357,1197,44.6,17703,139,0.0,0,0,23,2207,524,78,1.2056,3,8,2021
307,2021-09-05,2857.6,190,451.56,356977,1990,44.01,20654,121,0.0,0,0,36,2000,436,76,1.2014200000000002,6,9,2021
308,2021-10-05,7931.79,552,878.28,428458,3456,42.23,18588,93,0.0,0,0,85,4495,1396,237,1.20076,1,10,2021
309,2021-11-05,8248.31,546,798.53,272741,2516,43.29,19987,135,0.0,0,0,94,4698,1396,207,1.2065299999999999,4,11,2021
310,2021-12-05,6358.54,479,697.76,263470,1934,43.57,18087,122,0.0,0,0,78,4537,1389,195,1.21634,6,12,2021
311,2021-05-13,5224.73,354,953.11,287463,3243,42.76,28982,126,0.0,0,0,70,4055,1197,158,1.2161,3,5,2021
312,2021-05-14,3791.62,277,351.45,134894,1431,43.45,19394,115,0.0,0,0,53,3758,1149,130,1.2170100000000001,4,5,2021
313,2021-05-15,2003.46,125,311.38,32823,790,45.56,21497,127,0.0,0,0,27,2297,586,38,1.21403,5,5,2021
314,2021-05-16,3880.62,258,305.23,34836,741,43.89,26893,129,0.0,0,0,32,2255,583,55,1.2143899999999999,6,5,2021
315,2021-05-17,7126.09,549,414.15,176523,1978,42.82,26551,131,0.0,0,0,87,4395,1397,156,1.2076,0,5,2021
316,2021-05-18,7800.73,511,378.56,245141,2174,42.66,18883,120,0.0,0,0,71,4441,1337,147,1.20767,1,5,2021
317,2021-05-19,6719.86,424,326.6,181528,1520,42.46,15023,109,0.0,0,0,74,4256,1364,138,1.21446,2,5,2021
318,2021-05-20,5035.2,389,290.06,218627,1542,77.32,20591,129,0.0,0,0,72,3962,1200,105,1.21446,3,5,2021
319,2021-05-21,3082.65,227,228.77,81518,712,78.71,22740,137,0.0,0,0,52,3496,1070,88,1.21494,4,5,2021
320,2021-05-22,1631.54,128,279.57,45028,656,110.36,34837,190,0.0,0,0,24,2066,583,34,1.2156200000000001,5,5,2021
321,2021-05-23,2296.31,168,359.36,190868,1016,100.81,41617,214,0.0,0,0,21,1881,483,27,1.22215,6,5,2021
322,2021-05-24,6635.84,524,546.71,177827,1293,83.83,33395,153,0.0,0,0,90,4179,1274,103,1.217,0,5,2021
323,2021-05-25,6602.19,441,448.96,64366,1087,47.28,11400,46,0.0,0,0,66,4412,1294,112,1.2224700000000002,1,5,2021
324,2021-05-26,5260.06,421,457.7,154812,1132,39.15,7272,34,113.68,2045,327,103,4000,1178,126,1.2179,2,5,2021
325,2021-05-27,5268.55,376,624.98,171339,1280,79.31,19515,154,94.22,1956,286,68,3870,1320,86,1.2179,3,5,2021
326,2021-05-28,3797.2,246,383.83,53750,757,105.9,27721,163,235.1,3264,434,74,3422,1265,84,1.218,4,5,2021
327,2021-05-29,1610.59,150,386.35,123053,923,106.28,30090,202,164.18,1855,272,34,1987,662,26,1.22141,5,5,2021
328,2021-05-30,2489.93,200,380.67,193272,1018,72.18,24813,169,310.16,2685,377,48,2029,655,31,1.2246,6,5,2021
329,2021-05-31,8191.27,493,860.81,94793,1698,89.76,27459,169,359.75,3286,457,80,3995,1373,1377,1.21923,0,5,2021
330,2021-01-06,5594.59,356,641.12,169359,1379,90.2,28260,135,326.32,5291,550,51,3462,1227,292,1.2191,2,1,2021
331,2021-02-06,3273.59,211,813.37,147939,1161,104.7,43023,141,187.8,3494,331,31,2386,703,110,1.2192100000000001,5,2,2021
332,2021-03-06,6769.56,424,748.99,15908,822,98.15,33039,121,523.84,6921,785,60,4139,1283,176,1.2192100000000001,5,3,2021
333,2021-04-06,5400.94,308,937.16,11950,1257,104.18,29699,116,432.93,8601,828,53,3510,1185,1542,1.21891,1,4,2021
334,2021-05-06,2143.09,145,795.59,9583,1132,93.15,25850,99,615.94,9360,648,28,2011,662,208,1.22322,3,5,2021
335,2021-06-06,3810.04,263,785.79,8352,969,77.13,26095,94,196.78,3667,254,34,2027,682,121,1.22165,6,6,2021
336,2021-07-06,7127.07,517,698.31,34550,1083,135.47,48330,202,537.49,4625,578,59,3813,1319,296,1.2209299999999998,1,7,2021
337,2021-08-06,5901.4,436,366.8,359465,1250,117.05,38111,83,32.46,858,78,67,3781,1230,245,1.21296,4,8,2021
338,2021-09-06,5496.93,396,448.56,340290,1376,151.19,39400,135,27.66,631,55,56,3556,1253,166,1.21648,0,9,2021
339,2021-10-06,4833.02,343,385.96,258513,1063,146.04,33454,105,28.85,615,58,61,3320,1181,143,1.21648,2,10,2021
340,2021-11-06,2736.77,219,268.17,155343,762,104.94,27553,66,24.31,2908,146,38,2836,1049,127,1.2165,5,11,2021
341,2021-12-06,1832.07,128,744.75,360652,1815,98.24,32924,61,14.58,738,57,17,1583,479,38,1.2188,0,12,2021
342,2021-06-13,3108.91,214,513.72,51395,978,97.69,29640,56,15.65,1336,79,16,1627,376,39,1.21725,6,6,2021
343,2021-06-14,6200.66,444,479.16,207072,1296,101.38,30981,74,55.01,3876,232,45,3478,1253,132,1.21785,0,6,2021
344,2021-06-15,6358.25,496,412.83,89839,1005,71.15,28239,55,66.55,4056,239,45,3413,1196,109,1.21719,1,6,2021
345,2021-06-16,5523.72,420,413.91,126313,1025,59.81,27106,69,27.85,3812,194,47,3305,1146,107,1.2105,2,6,2021
346,2021-06-17,4075.17,350,293.91,7280,692,58.86,19811,55,30.36,2845,138,47,3079,1088,86,1.2105,3,6,2021
347,2021-06-18,3190.81,204,280.96,6654,638,57.74,21729,54,31.1,2934,146,37,2609,930,86,1.21091,4,6,2021
348,2021-06-19,1607.29,118,280.03,7018,609,59.69,19126,49,27.25,1928,99,16,1621,487,28,1.21215,5,6,2021
349,2021-06-20,3017.02,185,279.96,7749,575,59.14,20615,33,29.13,1698,77,12,1596,382,27,1.21246,6,6,2021
350,2021-06-21,6583.68,443,293.65,6275,599,61.69,21379,39,32.06,2972,153,59,3306,1096,81,1.19949,0,6,2021
351,2021-06-22,5802.83,408,291.32,5523,634,61.41,18809,92,37.18,3441,193,63,3250,1092,114,1.19128,1,6,2021
352,2021-06-23,5474.51,356,281.42,7362,662,59.66,17483,86,35.0,4766,195,41,3142,1159,170,1.18585,2,6,2021
353,2021-06-24,3807.75,304,280.27,10016,674,58.01,16365,91,35.25,4267,197,43,2913,1051,122,1.18585,3,6,2021
354,2021-06-25,2892.49,214,275.72,9810,583,53.79,24398,45,19.0,2034,52,50,2651,851,76,1.1869,4,6,2021
355,2021-06-26,1737.1,107,274.36,10006,573,60.12,16532,55,0.0,0,0,33,1634,431,29,1.1912,5,6,2021
356,2021-06-27,2385.43,157,272.46,9322,520,58.62,40209,72,0.0,0,0,19,1505,416,25,1.19363,6,6,2021
357,2021-06-28,19620.76,561,274.23,6287,579,53.76,21823,97,0.0,0,0,68,3480,1133,2742,1.19288,0,6,2021
358,2021-06-29,17274.83,494,272.91,5945,635,60.63,19542,95,0.0,0,0,57,3209,1105,2585,1.19279,1,6,2021
359,2021-06-30,5361.66,346,264.35,6219,609,59.39,17453,86,0.0,0,0,50,3246,1051,467,1.1936,2,6,2021
360,2021-01-07,5643.68,352,284.37,6404,638,58.0,21214,145,39.31,3062,137,44,2883,1009,332,1.1936,3,1,2021
361,2021-02-07,3090.39,224,278.08,6393,643,58.36,24623,167,37.05,2178,133,52,2215,839,249,1.1941,6,2,2021
362,2021-03-07,1874.72,113,275.89,6136,564,61.77,26233,168,36.32,3022,135,24,1409,454,106,1.19281,6,3,2021
363,2021-04-07,2855.95,196,400.17,37378,914,58.05,24765,160,34.4,2747,134,18,1480,429,84,1.19003,2,4,2021
364,2021-05-07,5862.57,405,275.9,5770,648,102.32,34678,170,35.2,4166,157,56,2783,973,229,1.18557,4,5,2021
365,2021-06-07,5517.47,379,315.4,6248,737,61.57,28304,107,35.82,3508,169,51,2616,1008,193,1.18455,0,6,2021
366,2021-07-07,4944.32,385,316.25,4713,622,65.42,21689,96,35.41,4099,158,49,2584,964,223,1.18603,2,7,2021
367,2021-08-07,4976.24,368,313.39,6354,779,57.16,34761,95,35.97,3173,152,43,2493,922,167,1.1864,5,8,2021
368,2021-09-07,2791.55,218,285.19,6017,694,40.19,14801,114,34.04,3253,146,44,2277,891,155,1.18554,1,9,2021
369,2021-10-07,1467.34,106,427.79,6832,785,36.66,11066,83,26.55,1349,85,14,1302,477,59,1.18625,3,10,2021
370,2021-11-07,2056.06,173,276.33,6277,725,41.48,13396,94,27.12,1542,84,11,1066,421,49,1.18223,6,11,2021
371,2021-12-07,6019.36,409,407.76,8036,1024,64.03,26031,189,37.16,3346,169,44,2482,1010,164,1.17927,1,12,2021
372,2021-07-13,5450.72,403,311.57,6871,903,77.6,31032,179,37.99,3263,171,56,2732,1116,158,1.1846299999999998,1,7,2021
373,2021-07-14,5766.5,433,329.01,7942,978,77.07,25853,125,37.96,3430,154,60,2784,981,216,1.18772,2,7,2021
374,2021-07-15,4547.46,332,332.51,7668,994,76.59,25673,151,35.52,2936,193,51,2739,983,1656,1.1876,3,7,2021
375,2021-07-16,2674.17,218,270.12,6643,762,71.8,37225,120,36.7,3351,188,47,2360,884,317,1.1872,4,7,2021
376,2021-07-17,1388.92,93,205.86,5988,592,57.91,19925,151,28.89,3423,113,23,1470,372,117,1.1862,5,7,2021
377,2021-07-18,2592.14,187,281.99,6654,663,61.41,27967,192,28.37,3498,111,17,1381,339,84,1.17749,6,7,2021
378,2021-07-19,6557.72,484,576.85,11031,1345,61.28,23556,164,38.03,3576,205,61,2877,1023,221,1.1832,0,7,2021
379,2021-07-20,5493.61,389,487.16,10589,1286,60.68,24218,141,39.36,4897,137,65,2955,902,204,1.18111,1,7,2021
380,2021-07-21,4960.18,364,460.89,18713,1209,59.24,18607,98,41.91,4417,184,68,2743,871,205,1.1803,2,7,2021
381,2021-07-22,4082.07,336,480.22,30195,1252,57.62,29609,153,39.26,3196,171,68,2491,1245,160,1.1806,3,7,2021
382,2021-07-23,2827.71,209,316.26,17466,899,58.84,37441,180,36.54,2642,167,51,2175,822,141,1.1811,4,7,2021
383,2021-07-24,2192.61,127,361.98,9571,997,62.27,18220,123,30.21,1934,119,17,1283,488,48,1.1792,5,7,2021
384,2021-07-25,2415.48,172,392.71,10281,1083,58.74,17608,98,30.74,1893,117,20,1258,408,53,1.17812,6,7,2021
385,2021-07-26,6390.97,465,478.06,12104,1329,60.24,20071,109,36.87,3107,163,63,2590,927,165,1.17913,0,7,2021
386,2021-07-27,5805.67,454,399.99,11783,1300,60.64,22125,123,44.09,3558,177,62,2501,904,167,1.17724,1,7,2021
387,2021-07-28,5260.29,374,369.73,9761,1141,59.68,21497,126,45.73,3517,152,65,2541,881,160,1.1771399999999999,2,7,2021
388,2021-07-29,3945.85,302,301.04,9171,954,59.56,21051,111,47.45,3290,188,71,2245,873,120,1.1771,3,7,2021
389,2021-07-30,3022.08,209,378.86,10702,1136,58.16,17247,97,43.73,3510,188,47,1948,639,98,1.17726,4,7,2021
390,2021-07-31,1860.57,109,280.97,7229,803,56.32,17837,93,38.59,2810,141,27,1307,285,40,1.1806,5,7,2021
391,2021-01-08,2537.07,193,302.27,8060,802,61.27,21759,121,33.42,2753,106,12,1122,320,27,1.18204,4,1,2021
392,2021-02-08,4990.65,378,441.16,10631,1246,60.2,23150,97,42.17,2263,128,59,2334,861,98,1.18455,0,2,2021
393,2021-03-08,5826.46,394,321.17,9133,979,45.7,16206,94,40.09,2189,137,46,2562,862,1029,1.189,0,3,2021
394,2021-04-08,4086.3,298,279.46,9101,1005,39.57,13154,72,39.13,2233,130,54,2301,872,306,1.1869,3,4,2021
395,2021-05-08,4641.57,275,233.05,6886,749,38.87,12937,64,37.64,2423,138,50,2252,761,148,1.1869,5,5,2021
396,2021-06-08,2591.65,160,177.3,5325,576,38.93,13092,64,35.94,2028,133,44,1987,634,121,1.1865700000000001,1,6,2021
397,2021-07-08,1874.14,107,157.53,4407,500,41.4,15956,86,30.29,1052,78,11,1259,289,54,1.18736,3,7,2021
398,2021-08-08,2004.56,145,175.97,4818,534,40.25,16680,64,22.42,1021,80,21,1123,186,44,1.1869100000000001,6,8,2021
399,2021-09-08,4374.03,304,268.25,7280,787,40.02,15318,52,29.64,1437,96,43,2053,683,111,1.1836,2,9,2021
400,2021-10-08,3652.06,269,208.42,6533,700,40.12,14642,39,35.41,1499,94,36,2043,799,110,1.1831,4,10,2021
401,2021-11-08,3641.3,236,184.69,5146,598,40.11,15823,55,35.95,1409,101,48,1940,670,100,1.17606,0,11,2021
402,2021-12-08,2261.37,195,204.31,5237,640,53.59,21967,46,31.24,1419,82,37,1931,605,85,1.176,2,12,2021
403,2021-08-13,1919.64,121,212.45,5406,611,58.52,26269,84,28.56,1653,77,33,1629,476,77,1.1747,4,8,2021
404,2021-08-14,1283.62,83,183.64,4128,533,0.0,0,0,31.13,935,73,16,1119,314,36,1.17355,5,8,2021
405,2021-08-15,1817.46,115,228.39,4462,574,0.0,0,0,30.95,1107,78,19,949,243,17,1.1719600000000001,6,8,2021
406,2021-08-16,4153.7,243,245.56,5665,711,0.0,0,0,31.15,1395,82,39,1891,546,79,1.1741700000000002,0,8,2021
407,2021-08-17,3173.38,242,235.97,6033,735,0.0,0,0,31.91,851,79,58,2110,615,94,1.17355,1,8,2021
408,2021-08-18,2868.55,191,97.91,2079,301,0.0,0,0,33.31,1219,84,49,2240,542,73,1.179,2,8,2021
409,2021-08-19,3225.54,231,95.22,1828,335,0.0,0,0,31.21,1219,70,39,2165,502,53,1.179,3,8,2021
410,2021-08-20,1660.32,143,76.68,2465,300,0.0,0,0,34.77,993,69,57,1955,498,47,1.17937,4,8,2021
411,2021-08-21,1052.06,74,138.77,3399,409,0.0,0,0,30.6,959,68,15,1361,316,23,1.17777,5,8,2021
412,2021-08-22,1955.72,146,263.27,6541,757,0.0,0,0,29.4,886,55,23,1354,218,12,1.1709100000000001,6,8,2021
413,2021-08-23,5133.89,324,336.25,7894,964,0.0,0,0,30.31,1108,60,54,2491,565,30,1.17026,0,8,2021
414,2021-08-24,4609.91,309,300.77,7770,932,0.0,0,0,29.51,1219,77,54,2536,588,21,1.16764,1,8,2021
415,2021-08-25,3997.51,309,248.58,6243,764,0.0,384,2,30.61,1413,73,56,2549,618,22,1.16839,2,8,2021
416,2021-08-26,3730.38,238,244.01,6507,765,0.0,0,0,30.7,1473,82,69,2365,598,149,1.16879,3,8,2021
417,2021-08-27,2266.13,180,187.65,5026,639,0.0,0,0,29.52,1008,70,34,2290,508,63,1.16964,4,8,2021
418,2021-08-28,1728.95,135,126.49,4255,483,0.0,0,0,28.16,1321,74,25,1653,270,30,1.1743,5,8,2021
419,2021-08-29,2668.24,190,152.78,4972,555,0.0,0,0,31.63,962,69,32,1413,255,12,1.1752799999999999,6,8,2021
420,2021-08-30,4974.19,372,227.97,6964,761,34.35,11467,59,21.63,850,62,65,2702,699,44,1.1771,0,8,2021
421,2021-08-31,4830.26,393,168.96,6340,721,34.65,10049,71,10.98,641,51,87,2841,747,32,1.1752,1,8,2021
422,2021-01-09,4754.74,352,201.56,6080,786,34.72,11570,79,32.24,1894,100,69,2666,747,43,1.1796,5,1,2021
423,2021-02-09,4657.85,309,194.91,5990,668,42.0,19625,85,32.06,1715,104,77,2692,823,30,1.1796,1,2,2021
424,2021-03-09,2886.1,204,190.78,5674,633,33.0,16793,61,32.57,1861,118,54,2453,699,29,1.1797,1,3,2021
425,2021-04-09,1695.6,117,147.55,4726,482,32.73,18056,67,27.84,1917,110,30,1610,353,17,1.1796200000000001,4,4,2021
426,2021-05-09,2869.94,197,228.13,6838,669,32.16,19833,66,32.26,2428,140,22,1471,282,8,1.1809,6,5,2021
427,2021-06-09,6673.98,439,289.23,6767,837,30.3,8176,23,33.67,2195,136,83,2952,841,26,1.1840000000000002,2,6,2021
428,2021-07-09,6554.67,426,267.34,7816,906,30.44,6802,19,32.09,2212,143,63,2903,828,27,1.18735,4,7,2021
429,2021-08-09,5039.87,379,247.79,8026,847,31.36,6379,18,31.45,2528,130,58,2728,811,90,1.18784,0,8,2021
430,2021-09-09,5182.24,312,276.5,8534,922,30.51,6072,17,32.37,2252,134,61,2715,800,40,1.18784,3,9,2021
431,2021-10-09,3850.21,218,216.17,5847,642,31.61,6457,15,33.98,2933,142,58,2591,710,14,1.18852,5,10,2021
432,2021-11-09,1637.39,126,159.32,4784,528,33.91,8624,27,23.36,2025,107,27,1667,347,9,1.18733,1,11,2021
433,2021-12-09,2461.81,188,239.68,6150,628,31.48,8531,23,26.35,2187,104,21,1557,321,15,1.1843,3,12,2021
434,2021-09-13,6918.33,454,352.26,9191,970,29.61,8012,24,32.45,1908,122,78,3100,899,32,1.1818899999999999,0,9,2021
435,2021-09-14,5101.67,420,281.67,8997,970,30.09,7644,30,30.86,1211,66,76,3150,959,19,1.1825,1,9,2021
436,2021-09-15,5335.02,402,269.26,7929,832,30.08,7089,26,31.48,1285,63,90,3061,925,19,1.18106,2,9,2021
437,2021-09-16,4384.38,297,259.2,7821,875,31.03,7361,22,33.29,2275,100,74,3049,925,22,1.18106,3,9,2021
438,2021-09-17,2564.39,209,193.23,6800,677,31.46,7037,24,33.08,1886,97,61,2812,807,32,1.1811,4,9,2021
439,2021-09-18,1507.22,110,204.47,5826,598,34.1,8682,20,30.51,2276,112,22,1923,393,16,1.181,5,9,2021
440,2021-09-19,3035.38,223,216.53,5989,652,31.51,8788,31,28.05,1754,70,20,1709,354,5,1.18026,6,9,2021
441,2021-09-20,6164.88,422,300.53,8368,917,31.32,7211,18,32.17,1603,94,72,3234,971,26,1.1818,0,9,2021
442,2021-09-21,5666.57,397,297.58,10427,1099,30.55,6069,21,32.25,1844,111,60,3157,939,38,1.1767,1,9,2021
443,2021-09-22,5529.19,404,208.46,7572,777,29.6,6341,13,31.85,2710,88,65,3123,922,45,1.1722299999999999,2,9,2021
444,2021-09-23,4364.27,348,247.21,8978,953,31.18,6596,20,36.23,2178,89,62,2928,887,32,1.1722299999999999,3,9,2021
445,2021-09-24,3441.28,201,315.1,10932,1006,34.9,6839,13,35.14,4201,139,56,2533,871,34,1.17288,4,9,2021
446,2021-09-25,1503.72,110,198.78,8781,685,34.86,9382,26,23.85,1843,106,27,1655,458,10,1.17269,5,9,2021
447,2021-09-26,3075.01,211,434.63,46134,1106,31.08,8664,25,26.39,2048,102,20,1843,443,12,1.1722,6,9,2021
448,2021-09-27,7223.64,462,605.65,15353,1479,29.05,7529,18,33.15,2785,166,90,3377,1074,31,1.1687,0,9,2021
449,2021-09-28,6191.63,471,437.05,13178,1293,31.41,15015,20,27.91,2097,146,56,3297,1141,36,1.1739600000000001,1,9,2021
450,2021-09-29,6401.52,433,481.57,22369,1418,30.65,15784,23,22.21,1648,90,57,3214,1099,91,1.1719899999999999,2,9,2021
451,2021-09-30,6006.66,399,0.0,0,0,9.87,6702,3,12.37,548,36,63,3156,897,46,1.172,3,9,2021
452,2021-01-10,3259.89,228,0.0,0,0,11.46,4387,0,0.0,0,0,60,2842,679,28,1.17216,6,1,2021
453,2021-02-10,2036.57,111,0.0,0,0,11.58,4840,4,0.0,0,0,33,1804,291,18,1.1694799999999999,2,2,2021
454,2021-03-10,2537.66,191,0.0,0,0,12.69,5724,7,0.0,0,0,30,1785,225,21,1.16861,2,3,2021
455,2021-04-10,5131.19,368,0.0,0,0,8.2,4008,3,0.0,0,0,71,3439,776,35,1.1599,5,4,2021
456,2021-05-10,5867.37,377,0.0,0,0,11.16,4704,3,0.0,0,0,87,3419,842,35,1.1574,0,5,2021
457,2021-06-10,5541.04,369,0.0,0,0,11.12,4772,4,0.0,0,0,61,3305,868,35,1.1591,3,6,2021
458,2021-07-10,4896.12,340,29.37,953,79,12.89,1979,5,42.54,1050,86,69,3274,831,20,1.1591,5,7,2021
459,2021-08-10,3133.15,214,0.0,0,0,12.44,3391,5,35.02,2606,70,67,3026,694,11,1.16062,1,8,2021
460,2021-09-10,1820.66,119,0.0,0,0,12.59,6217,7,0.0,0,0,29,1851,334,5,1.16162,4,9,2021
461,2021-10-10,2994.54,178,0.0,0,0,12.5,7557,6,0.0,0,0,23,1850,261,9,1.15954,6,10,2021
462,2021-11-10,6018.92,420,0.0,0,0,12.04,8197,11,0.0,0,0,64,3493,845,27,1.15547,2,11,2021
463,2021-12-10,5485.87,390,195.03,4566,492,11.02,6724,4,0.0,0,0,70,3528,982,39,1.1558,4,12,2021
464,2021-10-13,5326.8,347,430.37,9759,1113,34.56,14442,36,31.84,1821,104,66,3223,900,21,1.15705,2,10,2021
465,2021-10-14,4858.4,305,372.12,9807,1071,33.99,11028,37,154.38,2640,167,70,3035,944,31,1.1569,3,10,2021
466,2021-10-15,3635.94,217,289.5,7549,752,34.56,10869,26,148.49,2001,140,51,2820,831,35,1.1565,4,10,2021
467,2021-10-16,1739.83,119,224.38,6666,582,35.37,12877,37,139.68,8499,138,23,1846,311,14,1.1553,5,10,2021
468,2021-10-17,3446.23,219,279.92,8294,796,32.38,15532,39,133.03,6411,123,24,1734,230,13,1.15311,6,10,2021
469,2021-10-18,6839.25,467,384.39,10249,1104,31.09,13951,31,146.41,3502,173,65,3170,787,23,1.1595799999999998,0,10,2021
470,2021-10-19,5794.52,417,308.88,9222,974,29.65,13319,24,141.74,2233,146,73,3155,868,38,1.15935,1,10,2021
471,2021-10-20,410.0,29,303.45,9825,942,29.56,9480,23,148.15,2426,187,70,3079,872,26,1.1599700000000002,2,10,2021
